Workbook

Sheet 바이투
A1: 주문번호 | B1: 구분 | C1: 품명 | D1: 두께 | E1: 규격단위 | F1: 가로규격 | G1: 세로규격 | H1: 수량 | I1: 미의뢰 | J1: 의뢰수량 | K1: 면적 | L1: 거래처 | M1: 현장명 | N1: 주문비고 | O1: 기타규격 | P1: 비고 | Q1: 원산지1 | R1: 원산지2 | S1: 공정1 | T1: 공정2 | U1: 공정3 | V1: 공정4 | W1: 공정5 | X1: 공정6 | Y1: 공정7 | Z1: 의뢰번호 | AA1: NO
A2: =원본!A2 -> 260904-20 | B2: =원본!F2 -> TP | C2: =원본!G2 -> 6로이h/s+16단열(Ar.)+6DI | D2: =원본!H2 -> 28 | E2: mm | F2: =원본!I2 -> 300 | G2: =원본!J2 -> 300 | H2: =원본!K2 -> 1 | J2: =H2 -> 1 | K2: =원본!N2 -> 0.98 | L2: =원본!D2 -> 계룡건설산업(주)oo | M2: =+원본!E2 -> 충남국제전시컨벤션센터현장 | N2: =+원본!P2 -> 샘플 | Z2: =원본!R2 -> 26-2405 | AA2: =COUNTIF(Z$2:Z2,Z2) -> 1
A3: =원본!A3 -> 260904-20 | B3: =원본!F3 -> TP | C3: =원본!G3 -> 6DI+16단열(Ar.)+6로이h/s | D3: =원본!H3 -> 28 | E3: mm | F3: =원본!I3 -> 300 | G3: =원본!J3 -> 300 | H3: =원본!K3 -> 1 | J3: =H3 -> 1 | K3: =원본!N3 -> 0.98 | L3: =원본!D3 -> 계룡건설산업(주)oo | M3: =+원본!E3 -> 충남국제전시컨벤션센터현장 | N3: =+원본!P3 -> 샘플 | Z3: =원본!R3 -> 26-2405 | AA3: =COUNTIF(Z$2:Z3,Z3) -> 2
A4: =원본!A4 -> 260904-20 | B4: =원본!F4 -> TP | C4: =원본!G4 -> 6로이h/s+16단열(Ar.)+6CL | D4: =원본!H4 -> 28 | E4: mm | F4: =원본!I4 -> 300 | G4: =원본!J4 -> 300 | H4: =원본!K4 -> 1 | J4: =H4 -> 1 | K4: =원본!N4 -> 0.98 | L4: =원본!D4 -> 계룡건설산업(주)oo | M4: =+원본!E4 -> 충남국제전시컨벤션센터현장 | N4: =+원본!P4 -> 샘플 | Z4: =원본!R4 -> 26-2405 | AA4: =COUNTIF(Z$2:Z4,Z4) -> 3
A5: =원본!A5 -> 260904-20 | B5: =원본!F5 -> TP | C5: =원본!G5 -> 6CL+16단열(Ar.)+6로이h/s | D5: =원본!H5 -> 28 | E5: mm | F5: =원본!I5 -> 300 | G5: =원본!J5 -> 300 | H5: =원본!K5 -> 1 | J5: =H5 -> 1 | K5: =원본!N5 -> 0.98 | L5: =원본!D5 -> 계룡건설산업(주)oo | M5: =+원본!E5 -> 충남국제전시컨벤션센터현장 | N5: =+원본!P5 -> 샘플 | Z5: =원본!R5 -> 26-2405 | AA5: =COUNTIF(Z$2:Z5,Z5) -> 4
A6: =원본!A6 -> 260904-20 | B6: =원본!F6 -> TP | C6: =원본!G6 -> 6투명 | D6: =원본!H6 -> 6 | E6: mm | F6: =원본!I6 -> 300 | G6: =원본!J6 -> 300 | H6: =원본!K6 -> 1 | J6: =H6 -> 1 | K6: =원본!N6 -> 0.98 | L6: =원본!D6 -> 계룡건설산업(주)oo | M6: =+원본!E6 -> 충남국제전시컨벤션센터현장 | N6: =+원본!P6 -> 샘플 | Z6: =원본!R6 -> 26-2405 | AA6: =COUNTIF(Z$2:Z6,Z6) -> 5
A7: =원본!A7 -> 260904-20 | B7: =원본!F7 -> TP | C7: =원본!G7 -> 6DI | D7: =원본!H7 -> 6 | E7: mm | F7: =원본!I7 -> 300 | G7: =원본!J7 -> 300 | H7: =원본!K7 -> 1 | J7: =H7 -> 1 | K7: =원본!N7 -> 0.98 | L7: =원본!D7 -> 계룡건설산업(주)oo | M7: =+원본!E7 -> 충남국제전시컨벤션센터현장 | N7: =+원본!P7 -> 샘플 | Z7: =원본!R7 -> 26-2405 | AA7: =COUNTIF(Z$2:Z7,Z7) -> 6
A8: =원본!A8 -> 260907-02 | B8: =원본!F8 -> TP | C8: =원본!G8 -> 6ECT173h/s+12단열(Ar.)+6CLh/s | D8: =원본!H8 -> 24 | E8: mm | F8: =원본!I8 -> 1959 | G8: =원본!J8 -> 1970 | H8: =원본!K8 -> 1 | J8: =H8 -> 1 | K8: =원본!N8 -> 42.04 | L8: =원본!D8 -> 에스케이에코플랜트(주)c | M8: =+원본!E8 -> 용인 FAB 1기 지원시설 건설공사 (1BL)현장 | N8: =+원본!P8 -> 단열테스트용 | Z8: =원본!R8 -> 26-2407 | AA8: =COUNTIF(Z$2:Z8,Z8) -> 1
A9: =원본!A9 -> 260907-01 | B9: =원본!F9 -> TP | C9: =원본!G9 -> 5SKN154II+14단열(Ar.)+5CL | D9: =원본!H9 -> 24 | E9: mm | F9: =원본!I9 -> 1000 | G9: =원본!J9 -> 1740 | H9: =원본!K9 -> 1 | J9: =H9 -> 1 | K9: =원본!N9 -> 18.95 | L9: =원본!D9 -> 동성건설(주)r | M9: =+원본!E9 -> 한국로지스풀 시화물류센터 건설공사 현장 | N9: =+원본!P9 -> AW/7 | Z9: =원본!R9 -> 26-2406 | AA9: =COUNTIF(Z$2:Z9,Z9) -> 1
A10: =원본!A10 -> 260907-01 | B10: =원본!F10 -> TP | C10: =원본!G10 -> 5SKN154II+14단열(Ar.)+5CL | D10: =원본!H10 -> 24 | E10: mm | F10: =원본!I10 -> 800 | G10: =원본!J10 -> 910 | H10: =원본!K10 -> 2 | J10: =H10 -> 2 | K10: =원본!N10 -> 15.86 | L10: =원본!D10 -> 동성건설(주)r | M10: =+원본!E10 -> 한국로지스풀 시화물류센터 건설공사 현장 | N10: =+원본!P10 -> AW/5 SL | Z10: =원본!R10 -> 26-2406 | AA10: =COUNTIF(Z$2:Z10,Z10) -> 2
A11: =원본!A11 -> 260907-01 | B11: =원본!F11 -> TP | C11: =원본!G11 -> 5SKN154II+14단열(Ar.)+5CL | D11: =원본!H11 -> 24 | E11: mm | F11: =원본!I11 -> 903 | G11: =원본!J11 -> 833 | H11: =원본!K11 -> 126 | J11: =H11 -> 126 | K11: =원본!N11 -> 1032.33 | L11: =원본!D11 -> 동성건설(주)r | M11: =+원본!E11 -> 한국로지스풀 시화물류센터 건설공사 현장 | N11: =+원본!P11 -> AW/3 | Z11: =원본!R11 -> 26-2406 | AA11: =COUNTIF(Z$2:Z11,Z11) -> 3
A12: =원본!A12 -> 260907-01 | B12: =원본!F12 -> TP | C12: =원본!G12 -> 5SKN154II+14단열(Ar.)+5CL | D12: =원본!H12 -> 24 | E12: mm | F12: =원본!I12 -> 605 | G12: =원본!J12 -> 755 | H12: =원본!K12 -> 1 | J12: =H12 -> 1 | K12: =원본!N12 -> 4.98 | L12: =원본!D12 -> 동성건설(주)r | M12: =+원본!E12 -> 한국로지스풀 시화물류센터 건설공사 현장 | N12: =+원본!P12 -> AW/7 | Z12: =원본!R12 -> 26-2406 | AA12: =COUNTIF(Z$2:Z12,Z12) -> 4
A13: =원본!A13 -> 260907-01 | B13: =원본!F13 -> TP | C13: =원본!G13 -> 5SKN154II+14단열(Ar.)+5CL | D13: =원본!H13 -> 24 | E13: mm | F13: =원본!I13 -> 435 | G13: =원본!J13 -> 735 | H13: =원본!K13 -> 1 | J13: =H13 -> 1 | K13: =원본!N13 -> 3.48 | L13: =원본!D13 -> 동성건설(주)r | M13: =+원본!E13 -> 한국로지스풀 시화물류센터 건설공사 현장 | N13: =+원본!P13 -> AW/7 | Z13: =원본!R13 -> 26-2406 | AA13: =COUNTIF(Z$2:Z13,Z13) -> 5
... A212: =원본!A212 -> 260828-01 | B212: =원본!F212 -> TP | C212: =원본!G212 -> 5newGN+12A+5로이 | D212: =원본!H212 -> 22 | E212: mm | F212: =원본!I212 -> 405 | G212: =원본!J212 -> 950 | H212: =원본!K212 -> 30 | J212: =H212 -> 30 | K212: =원본!N212 -> 125.72 | L212: =원본!D212 -> 우미건설(주)e | M212: =+원본!E212 -> 남원주 역세권 복합용지 AC-4BL 우미린 공동주택현장 | N212: =+원본!P212 -> 3동 1~3호84A,B 26~30F하향식피난구 | Z212: =원본!R212 -> 26-2325 | AA212: =COUNTIF(Z$2:Z212,Z212) -> 14

Sheet 필드설명
A1: 각 필드에 대한 설명
A3: 업로드 대상 필드: 파란색 표시된 9개
A4: 컬럼 | B4: 이름 | C4: 설명 | D4: 비고
A5: A | B5: 주문번호 | C5: 불필요: 바이투 시스템에 등록시 부여받은 주문번호
A6: B | B6: 구분 | C6: 불필요: 바이투 시스템 상 제품분류 기준
A7: C | B7: 품명 | C7: 복층유리 품명 (= 스펙)
A8: D | B8: 두께 | C8: 제품 두께
A9: E | B9: 규격단위 | C9: 제둠 사이즈 규격 단위
A10: F | B10: 가로규격 | C10: 가로 사이즈
A11: G | B11: 세로규격 | C11: 세로 사이즈
A12: H | B12: 수량 | C12: 불필요 | D12: 현재 숨김처리
A13: I | B13: 미의뢰 | C13: 불필요 | D13: 현재 숨김처리
A14: J | B14: 의뢰수량 | C14: 금번 작업의뢰서에서 의뢰한 수량
A15: K | B15: 면적 | C15: 자동계산
A16: L | B16: 거래처 | C16: 거래처
A17: M | B17: 현장명 | C17: 현장명
A18: N | B18: 주문비고 | C18: 비고
A19: O | B19: 기타규격 | C19: 불필요 | D19: 현재 숨김처리
A20: P | B20: 비고 | C20: 불필요 | D20: 현재 숨김처리
A21: Q | B21: 원산지1 | C21: 불필요 | D21: 현재 숨김처리
A22: R | B22: 원산지2 | C22: 불필요 | D22: 현재 숨김처리
A23: S | B23: 공정1 | C23: 불필요 | D23: 현재 숨김처리
A24: T | B24: 공정2 | C24: 불필요 | D24: 현재 숨김처리
A25: U | B25: 공정3 | C25: 불필요 | D25: 현재 숨김처리
A26: V | B26: 공정4 | C26: 불필요 | D26: 현재 숨김처리
A27: W | B27: 공정5 | C27: 불필요 | D27: 현재 숨김처리
A28: X | B28: 공정6 | C28: 불필요 | D28: 현재 숨김처리
A29: Y | B29: 공정7 | C29: 불필요 | D29: 현재 숨김처리
A30: Z | B30: 의뢰번호 | C30: 바이투에서 부여된 작업의뢰 번호
A31: AA | B31: NO | C31: 해당 작업의뢰서 내에 지정해놓은 생산순서

Sheet 원본
A1: 주문번호 | B1: 주문일자 | C1: 납품일자 | D1: 거래처 | E1: 현장명 | F1: 구분 | G1: 품명 | H1: 두께 | I1: 가로규격 | J1: 세로규격 | K1: 주문수량 | L1: 출고수량 | M1: 잔여수량 | N1: 면적 | O1: 미출고액 | P1: 비고 | Q1: ID | R1: 작업의뢰서 번호
A2: 260904-20 | B2: 46269 | D2: 계룡건설산업(주)oo | E2: 충남국제전시컨벤션센터현장 | F2: TP | G2: 6로이h/s+16단열(Ar.)+6DI | H2: 28 | I2: 300 | J2: 300 | K2: 1 | M2: 1 | N2: 0.98 | P2: 샘플 | Q2: 720872/1 | R2: 26-2405
A3: 260904-20 | B3: 46269 | D3: 계룡건설산업(주)oo | E3: 충남국제전시컨벤션센터현장 | F3: TP | G3: 6DI+16단열(Ar.)+6로이h/s | H3: 28 | I3: 300 | J3: 300 | K3: 1 | M3: 1 | N3: 0.98 | P3: 샘플 | Q3: 720872/2 | R3: 26-2405
A4: 260904-20 | B4: 46269 | D4: 계룡건설산업(주)oo | E4: 충남국제전시컨벤션센터현장 | F4: TP | G4: 6로이h/s+16단열(Ar.)+6CL | H4: 28 | I4: 300 | J4: 300 | K4: 1 | M4: 1 | N4: 0.98 | P4: 샘플 | Q4: 720872/3 | R4: 26-2405
A5: 260904-20 | B5: 46269 | D5: 계룡건설산업(주)oo | E5: 충남국제전시컨벤션센터현장 | F5: TP | G5: 6CL+16단열(Ar.)+6로이h/s | H5: 28 | I5: 300 | J5: 300 | K5: 1 | M5: 1 | N5: 0.98 | P5: 샘플 | Q5: 720872/4 | R5: 26-2405
A6: 260904-20 | B6: 46269 | D6: 계룡건설산업(주)oo | E6: 충남국제전시컨벤션센터현장 | F6: TP | G6: 6투명 | H6: 6 | I6: 300 | J6: 300 | K6: 1 | M6: 1 | N6: 0.98 | P6: 샘플 | Q6: 720872/5 | R6: 26-2405
A7: 260904-20 | B7: 46269 | D7: 계룡건설산업(주)oo | E7: 충남국제전시컨벤션센터현장 | F7: TP | G7: 6DI | H7: 6 | I7: 300 | J7: 300 | K7: 1 | M7: 1 | N7: 0.98 | P7: 샘플 | Q7: 720872/6 | R7: 26-2405
A8: 260907-02 | B8: 46272 | C8: 46273 | D8: 에스케이에코플랜트(주)c | E8: 용인 FAB 1기 지원시설 건설공사 (1BL)현장 | F8: TP | G8: 6ECT173h/s+12단열(Ar.)+6CLh/s | H8: 24 | I8: 1959 | J8: 1970 | K8: 1 | M8: 1 | N8: 42.04 | P8: 단열테스트용 | Q8: 720874/1 | R8: 26-2407
A9: 260907-01 | B9: 46272 | C9: 46281 | D9: 동성건설(주)r | E9: 한국로지스풀 시화물류센터 건설공사 현장 | F9: TP | G9: 5SKN154II+14단열(Ar.)+5CL | H9: 24 | I9: 1000 | J9: 1740 | K9: 1 | M9: 1 | N9: 18.95 | P9: AW/7 | Q9: 720873/1 | R9: 26-2406
A10: 260907-01 | B10: 46272 | C10: 46281 | D10: 동성건설(주)r | E10: 한국로지스풀 시화물류센터 건설공사 현장 | F10: TP | G10: 5SKN154II+14단열(Ar.)+5CL | H10: 24 | I10: 800 | J10: 910 | K10: 2 | M10: 2 | N10: 15.86 | P10: AW/5 SL | Q10: 720873/2 | R10: 26-2406
A11: 260907-01 | B11: 46272 | C11: 46281 | D11: 동성건설(주)r | E11: 한국로지스풀 시화물류센터 건설공사 현장 | F11: TP | G11: 5SKN154II+14단열(Ar.)+5CL | H11: 24 | I11: 903 | J11: 833 | K11: 126 | M11: 126 | N11: 1032.33 | P11: AW/3 | Q11: 720873/3 | R11: 26-2406
A12: 260907-01 | B12: 46272 | C12: 46281 | D12: 동성건설(주)r | E12: 한국로지스풀 시화물류센터 건설공사 현장 | F12: TP | G12: 5SKN154II+14단열(Ar.)+5CL | H12: 24 | I12: 605 | J12: 755 | K12: 1 | M12: 1 | N12: 4.98 | P12: AW/7 | Q12: 720873/4 | R12: 26-2406
A13: 260907-01 | B13: 46272 | C13: 46281 | D13: 동성건설(주)r | E13: 한국로지스풀 시화물류센터 건설공사 현장 | F13: TP | G13: 5SKN154II+14단열(Ar.)+5CL | H13: 24 | I13: 435 | J13: 735 | K13: 1 | M13: 1 | N13: 3.48 | P13: AW/7 | Q13: 720873/5 | R13: 26-2406
A14: 260907-01 | B14: 46272 | C14: 46281 | D14: 동성건설(주)r | E14: 한국로지스풀 시화물류센터 건설공사 현장 | F14: TP | G14: 5SKN154II+14단열(Ar.)+5CL | H14: 24 | I14: 730 | J14: 665 | K14: 122 | M14: 122 | N14: 645.09 | P14: AW/1 | Q14: 720873/6 | R14: 26-2406
A15: 260907-01 | B15: 46272 | C15: 46281 | D15: 동성건설(주)r | E15: 한국로지스풀 시화물류센터 건설공사 현장 | F15: TP | G15: 5SKN154II+14단열(Ar.)+5CL | H15: 24 | I15: 715 | J15: 665 | K15: 7 | M15: 7 | N15: 36.25 | P15: AW/7 | Q15: 720873/7 | R15: 26-2406
A16: 260903-09 | B16: 46268 | C16: 46275 | D16: 우미건설(주)e | E16: 남원주 역세권 복합용지 AC-4BL 우미린 공동주택현장 | F16: TP | G16: 5CL+12A+5로이 | H16: 22 | I16: 874 | J16: 2316 | K16: 2 | M16: 2 | N16: 44.1 | P16: 4동5호 안방분합(내) | Q16: 720800/1 | R16: 26-2379
A17: 260903-09 | B17: 46268 | C17: 46275 | D17: 우미건설(주)e | E17: 남원주 역세권 복합용지 AC-4BL 우미린 공동주택현장 | F17: TP | G17: 5CL+12A+5로이 | H17: 22 | I17: 724 | J17: 2316 | K17: 2 | M17: 2 | N17: 36.53 | P17: 4동2호 안방분합(내) | Q17: 720800/2 | R17: 26-2379
A18: 260903-09 | B18: 46268 | C18: 46275 | D18: 우미건설(주)e | E18: 남원주 역세권 복합용지 AC-4BL 우미린 공동주택현장 | F18: TP | G18: 5CL+12A+5로이 | H18: 22 | I18: 724 | J18: 2316 | K18: 2 | M18: 2 | N18: 36.53 | P18: 4동3호 안방분합(내) | Q18: 720800/3 | R18: 26-2379
A19: 260903-09 | B19: 46268 | C19: 46275 | D19: 우미건설(주)e | E19: 남원주 역세권 복합용지 AC-4BL 우미린 공동주택현장 | F19: TP | G19: 5CL+12A+5로이 | H19: 22 | I19: 414 | J19: 1636 | K19: 2 | M19: 2 | N19: 14.75 | P19: 4동2호 실외기실(내) | Q19: 720800/4 | R19: 26-2379
... A212: 260828-01 | B212: 46262 | C212: 46302 | D212: 우미건설(주)e | E212: 남원주 역세권 복합용지 AC-4BL 우미린 공동주택현장 | F212: TP | G212: 5newGN+12A+5로이 | H212: 22 | I212: 405 | J212: 950 | K212: 30 | M212: 30 | N212: 125.72 | P212: 3동 1~3호84A,B 26~30F하향식피난구 | Q212: 720662/14 | R212: 26-2325
